"","91-04-A132","93-05-6301 SN2","93-05-6301 SP3","93-10-3403 SP3","94-03-1902 SN2","94-04-1903 SP1","94-09-2902 SP1","94-10-P003 SP1","94-11-P036","94-11-V046","95-01-P045","95-04-P093","95-05-G051 SN1","95-05-G051 SP1","95-06-P073","95-07-P004","95-08-P243","95-08-P248","95-08-P250","95-08-P271","95-08-P284","95-08-P358","95-08-P418","95-09-P067","95-09-P113","95-10-P864 SP1","95-11-P018 SP2","95-11-P306 SP1","95-12-A091","95-12-P310 SN1","96-02-P012 SP1","96-02-P046","96-02-P050 SP1","96-02-P067 SP3","96-02-P402 SP1","96-04-P009 SP5","96-04-P017 SP1","96-04-P029 SP1","96-04-P033 SP1","96-06-G032 SP1"
"DDX4",12.46916,11.97162,7.02088,6.90346,11.92314,13.37308,5.90842,12.39336,13.9578,10.90034,12.0274,13.52746,12.4221,12.72168,10.19392,10.54574,6.36564,10.7624,11.30636,14.14718,8.67986,13.4227,7.64778,10.94328,11.40724,13.17284,4.14702,13.9933,12.9182,11.94456,6.25512,14.09572,13.35642,9.38866,14.9698,6.52176,10.36094,12.5001,7.72694,11.43502
"SYCP3",7.42476,8.54602,2.25388,2.65326,7.96954,5.86898,2.92402,5.95226,8.8317,7.91184,6.2367,6.74506,4.2358,4.05518,6.97332,7.36844,3.31974,6.8089,8.84536,8.89128,5.02176,9.4312,3.17488,6.96548,5.81924,7.44094,1.91292,7.4891,8.5203,5.23156,3.32472,7.65482,7.63192,7.35716,8.3428,1.31366,4.40224,7.3573,5.42244,5.91332
"FOXD3",9.63336,12.15452,12.87648,14.24626,13.88354,7.53718,14.22222,10.50376,8.7598,10.90034,12.0274,12.04416,11.2536,8.74618,6.36262,12.54704,15.48494,12.2037,9.58026,11.06578,7.63076,12.4583,14.59408,10.48238,15.21354,9.54364,14.56182,13.9933,12.9182,7.68756,6.96442,10.10972,11.29112,9.75136,11.763,13.40366,11.94804,13.5478,10.55584,9.83592
"GATA6",5.91646,3.75322,7.59748,8.64656,2.96034,8.11998,7.88982,7.50996,4.02,6.04274,1.0542,2.61716,2.6172,4.81888,5.09222,2.02664,8.64024,10.6519,0.41596,1.58528,6.96276,2.6388,6.99158,7.46768,12.01344,2.86944,8.62452,2.7164,5.134,5.18136,4.97562,2.70382,4.90812,8.75386,2.2332,6.03156,1.63884,5.2853,6.56374,3.54842
"GBX2",4.58316,13.09292,5.47108,6.76016,13.30164,6.52968,5.86132,4.63136,9.2652,6.60444,10.0348,8.60786,11.2655,6.40788,6.27352,10.16504,7.44634,12.2037,7.85066,8.22608,7.29836,13.4227,8.35268,8.20438,7.55664,9.38954,7.42272,11.2393,8.9801,11.94456,5.25402,12.54302,4.17072,5.47716,9.0516,4.47316,10.62754,9.0442,9.49194,11.61652
"NANOG",9.20266,7.74912,7.71378,-0.45944,8.43844,7.61038,9.26452,6.99346,10.364,7.43994,7.3327,7.36216,6.282,3.19178,6.36102,5.53124,1.54394,10.1967,9.38356,10.79688,6.82906,9.7161,9.60408,7.54548,8.29284,7.83974,-2.05318,8.4475,8.2078,4.42066,7.71742,9.34192,9.42372,7.25986,10.2492,0.33746,5.98934,7.3614,7.08024,8.38642
"NR5A2",9.55506,6.49862,4.66148,7.79956,7.62324,6.51218,7.13812,6.82196,8.4977,7.11154,4.3199,4.75856,7.361,6.74618,7.73552,6.93084,7.57284,11.1873,6.48136,8.06708,6.91656,8.2608,8.66168,7.68618,9.23444,8.67734,5.79312,6.7244,6.0235,6.77646,7.30352,9.03782,9.38322,7.80806,6.4087,5.74186,2.03884,6.7396,7.85364,6.89512
"NR6A1",7.28706,8.12872,2.82958,2.94146,11.37544,8.59238,2.64032,6.98506,9.8933,5.34234,2.5449,2.60246,5.6417,5.99908,5.26842,5.54994,3.68494,10.3454,2.54056,4.73418,7.59246,4.4365,4.02328,8.38838,8.46834,3.88744,2.08572,9.8316,8.9405,6.59956,4.82282,3.94982,8.56152,7.37366,2.6062,2.64396,4.87394,7.5669,7.38464,8.68392
"POU5F1",6.96906,6.89472,-0.05742,0.07766,7.35454,6.32388,0.85602,5.87926,6.0264,4.90624,3.882,5.53486,2.9436,1.28178,4.33122,4.53244,0.62804,4.6498,5.59816,7.44388,4.67306,6.7934,-0.27062,6.13088,6.48354,6.17554,-1.14648,6.5598,6.2731,4.45896,1.46242,6.09732,6.83412,5.97056,6.4611,-1.31694,4.16514,6.2397,5.33364,5.19152
"SOX2",1.38576,11.79782,13.64448,14.08256,7.94444,2.14498,12.14212,-0.16674,6.2719,0.91874,8.0154,3.65366,9.3689,4.28588,2.78642,4.76524,11.28904,10.7965,10.05036,14.14718,2.66706,13.4227,14.45918,1.99218,1.19434,13.04104,12.64972,6.374,4.61,8.86236,3.74772,14.09572,1.92222,2.45366,10.2784,13.10266,10.03104,2.6818,3.32994,10.31532
"TFCP2L1",14.35506,12.05442,1.32438,2.47946,12.03874,7.94978,2.39912,8.80816,8.0357,9.10154,3.5438,9.32186,6.9462,4.37328,10.54762,7.91254,3.58394,11.0065,6.09036,7.40698,5.40866,8.4344,3.62928,10.31148,11.40984,6.27354,1.92152,8.1735,7.6886,5.41736,2.96772,5.20002,10.91902,10.21766,6.7225,1.47186,4.22154,11.1137,9.01494,6.73682
"UTF1",12.01416,10.23392,1.66708,3.28646,8.72354,12.03968,1.93072,11.33996,13.0313,10.90034,12.0274,12.61006,7.5485,3.18738,12.38382,8.10604,2.01504,10.6868,11.30636,12.79898,12.44706,13.4227,3.79658,11.65928,12.19504,13.15264,1.70792,13.0235,12.5778,10.18436,2.99642,14.09572,13.79582,12.74846,14.9698,1.32396,11.94804,13.4961,12.99054,8.68502
"ZFP42",12.90416,12.05972,2.29318,2.02656,13.88354,14.09298,3.52542,13.76316,13.0707,10.90034,5.347,14.22386,13.1739,3.41398,6.76462,7.17384,2.76664,12.2037,3.00956,12.54458,12.44706,13.4227,3.54248,12.94328,13.74684,7.43624,1.86542,13.9933,12.9182,8.86786,4.32622,1.66642,13.79582,12.74846,14.5561,1.47686,11.94804,11.4729,14.28924,9.52932
"COMMD3",4.10616,3.71902,3.38528,3.44586,3.46374,3.66368,3.69432,3.51166,4.1109,2.29504,2.4188,3.58396,2.6384,4.58928,3.73272,4.36204,4.31784,1.9146,4.03976,4.46638,2.68266,4.3802,4.70468,4.27138,3.70544,4.38864,3.43822,4.1778,4.5798,2.76676,4.05232,3.36712,3.67102,2.95186,3.7919,2.53766,2.16114,4.3302,2.45694,3.18952
"CRABP2",2.46426,6.13732,7.88918,7.25036,4.24074,2.10858,9.18722,4.86116,4.2575,-0.92456,0.1026,-2.40404,1.6089,1.82708,0.51132,1.17404,8.11464,6.0321,-1.09654,1.71158,1.57266,1.259,8.76768,3.81368,4.84174,0.11834,7.51122,1.0508,0.8272,1.63946,3.84272,0.96532,4.05992,1.63026,1.2693,5.53876,5.04844,0.8326,2.87034,6.49112
"GABRB3",6.20876,7.89152,5.71328,7.28966,8.21834,5.31998,7.80532,5.30546,8.7191,5.39034,7.4237,3.29086,7.6042,5.44198,4.28982,6.64344,7.14374,9.7925,11.30636,11.64618,3.38616,13.4227,8.37468,4.53348,2.98984,3.44124,5.00042,8.0704,8.0934,6.64396,6.59692,4.55252,5.85232,2.88476,8.717,5.02986,4.56884,6.4307,2.45014,10.01672
"GAL",7.90196,14.09352,11.28868,9.47926,13.88354,8.20788,12.88062,10.62246,4.9979,5.51134,6.3038,6.07166,9.9422,3.14048,7.20042,5.77744,11.52484,10.198,5.77396,9.47388,11.56136,4.2176,9.92748,7.01718,10.36474,6.05324,9.04562,9.9246,7.7983,10.24076,4.45782,4.81562,7.00082,5.79016,5.1593,9.03296,11.94804,5.4695,9.50314,11.34462
"EDNRB",3.90376,6.72972,9.15898,8.35126,5.99154,1.60938,9.49752,0.52156,4.4967,3.34504,7.1681,3.46126,6.5449,4.85238,2.35332,5.21734,7.72214,9.9131,4.95286,5.70928,2.92976,7.1155,8.04478,4.32178,1.85904,6.13844,7.69732,6.1336,4.4217,3.65806,7.02232,4.08712,2.52272,1.82256,4.1209,8.63356,4.90214,4.1263,4.80704,6.63572
"GRB7",11.02716,9.48282,3.99178,4.39196,11.50504,9.24698,4.73402,12.16666,10.6526,7.44984,2.0488,8.27316,2.533,3.56758,7.52622,5.57744,5.98594,10.2848,3.02896,5.95568,6.54246,2.9778,5.37908,9.84458,9.98114,3.58324,4.42012,6.5483,7.8071,3.60216,2.80672,5.19772,12.85582,9.91536,3.5218,4.46216,2.59314,7.8859,8.87834,8.55592
"HCK",7.55266,7.74312,7.64718,6.09586,7.39294,6.70618,6.32542,6.35256,6.3668,7.81444,6.8514,7.63946,7.6259,6.39988,9.46812,8.61424,6.06684,7.3631,8.48986,7.23548,7.67986,10.1224,6.25248,7.58238,7.29704,7.12184,8.11432,6.1187,7.6333,7.55946,7.65732,8.48522,7.33742,9.21956,7.2268,8.49416,6.58144,8.3859,7.65994,4.89742
"IFITM1",2.36456,0.27052,1.20348,1.58956,2.03814,2.51948,2.29792,1.63836,3.1226,1.02394,2.4024,2.04946,0.2197,0.88818,3.69542,3.43874,0.52414,4.1662,0.41646,1.14608,3.55396,4.4592,1.02048,0.28598,4.49184,1.12784,-0.81268,1.6616,2.1261,1.95146,0.91792,2.62242,2.81992,5.71216,2.2165,-0.44984,3.03714,1.5634,3.47174,0.61842
"IL6ST",4.34466,2.45582,3.86318,3.20846,2.22824,3.25918,4.56542,2.52226,2.3994,3.72924,3.4638,2.35446,3.524,3.54208,3.65192,3.50714,3.58524,4.4266,4.09456,3.71658,3.36156,4.8216,4.66918,4.13928,2.96154,3.93274,2.68292,2.8112,3.6348,2.42466,4.18872,3.95082,3.88042,4.30046,2.2221,2.90466,2.68184,4.0241,4.28924,3.03422
"KIT",5.34176,6.67412,3.38708,2.71416,5.64494,4.18188,3.10972,3.35326,4.679,4.61144,3.5724,3.84196,9.3725,8.03008,4.84932,5.55054,3.66554,9.0907,3.72016,3.80608,4.86646,4.3129,3.67818,6.20828,3.95604,3.89074,2.56132,6.911,7.778,5.70976,6.22592,3.37052,5.12442,4.93576,3.4195,2.13136,6.14884,5.7149,3.75204,8.29272
"LIFR",3.70026,2.88872,4.72718,4.94456,3.26034,2.19588,6.20412,1.98706,4.3897,3.42454,2.7862,3.30786,2.3197,4.51608,3.45362,4.13984,5.30454,4.3972,1.43896,3.31658,2.76226,4.6461,5.35398,4.14098,2.44824,2.88434,4.79732,4.2163,4.4584,3.84976,4.87512,2.86182,3.01992,3.81296,1.8167,3.98586,3.23894,3.8891,3.46424,3.98832
"NOG",6.78496,14.46222,13.04778,14.24626,12.07304,6.63598,14.22222,4.94596,8.798,5.04004,5.6864,6.10676,12.0515,8.85588,6.04652,7.42924,15.48494,11.6314,5.42136,4.22748,6.62756,8.6412,13.00938,7.52048,6.07554,3.92774,14.56182,7.4935,8.2626,8.51356,8.36832,5.06492,6.44442,6.94456,2.6038,13.40366,9.57354,7.2645,7.24724,11.61652
"NUMB",4.60406,3.66022,2.77468,3.95456,3.70474,3.53058,4.21872,3.21426,4.0043,2.94684,1.7455,3.41246,1.7126,4.41568,3.76612,3.73374,4.57504,3.6076,2.15756,4.18028,2.55556,3.6186,4.78678,4.31878,3.28794,2.48354,3.67292,3.8009,4.397,2.67476,3.74282,2.34322,4.20162,4.18556,2.8603,2.43156,2.03374,3.7258,3.17884,3.20962
"PTEN",1.87936,1.60752,1.86258,2.25386,1.35074,1.70348,2.81072,1.60206,1.9279,1.77524,1.7764,1.69696,1.0904,3.19708,1.88582,2.11774,2.77474,1.2836,2.47066,2.78108,1.03066,2.543,2.61738,1.98988,1.35824,2.55864,1.76642,1.8943,2.2335,1.55566,2.96592,2.60462,1.48752,1.48186,2.1387,1.16076,0.96024,1.9345,1.33654,1.77652
"SFRP2",1.26706,14.46222,4.44398,2.64186,8.34844,-0.64852,4.21832,2.56826,2.9873,0.07594,12.0274,0.77226,4.5168,3.02738,0.61582,3.99184,5.24894,6.8413,11.30636,14.14718,-0.50164,8.5787,1.95968,3.25158,3.28704,4.84324,2.62952,2.8542,0.8611,4.24586,5.54572,5.96892,2.41702,1.49886,14.3422,3.34556,6.97154,2.7495,3.76174,6.75032
"BRIX1",3.08446,3.97222,2.44138,2.96256,4.11224,4.54168,3.67882,4.60326,4.5395,2.87564,2.4046,3.24226,3.4205,3.83848,3.59152,3.14614,3.78914,4.384,3.31096,3.73058,3.52106,3.0993,2.92878,4.83318,4.35894,3.46174,2.45512,4.4612,4.8564,3.59876,3.95402,2.93692,3.85962,3.80996,2.9294,2.22266,3.37744,3.8618,3.52484,4.98302
"CD9",3.02646,4.04822,0.86198,0.27266,2.25144,0.93598,1.31052,0.05806,1.3404,2.93144,2.0792,2.23576,-0.7408,0.57128,2.86462,1.99194,0.77724,2.8173,2.91626,2.42948,0.93586,4.1573,0.33488,1.30768,0.24194,2.50374,-1.27478,2.2452,1.6364,-0.17184,0.04452,2.55722,2.16282,3.46916,3.1148,-0.41534,1.20174,2.7454,3.12134,2.21782
"DIAPH2",7.13996,5.17612,6.89218,6.38546,4.93884,5.28138,7.95742,5.85766,6.0541,5.00074,5.5961,3.93616,4.1466,5.31008,5.58762,5.10074,6.70184,6.5234,5.24806,5.87038,4.67006,7.4975,5.97498,4.86608,5.58664,5.63684,5.35282,5.2606,4.827,4.88006,4.35612,5.95482,5.66842,4.30696,6.8379,5.56586,4.92944,5.4632,5.71714,6.29842
"DNMT3B",5.48746,8.77502,5.71178,5.15106,9.35734,8.63888,6.64782,8.94776,9.9993,5.25014,2.3428,4.01186,7.5808,2.13908,4.93002,5.20674,6.60164,7.2887,2.58706,2.89078,7.56216,3.9135,6.22188,8.77768,8.54354,2.93114,4.56372,8.1365,9.5037,8.64676,2.62752,4.64352,6.75612,5.79776,1.0855,4.15886,6.05254,6.851,6.93654,10.03432
"IFITM2",2.47366,0.58572,3.86938,3.40856,-0.19716,1.20668,2.98312,1.87916,1.3176,0.03294,2.2053,1.82506,0.2629,2.29068,2.58622,1.32804,2.74224,3.1295,1.85996,0.88018,1.81656,3.5215,2.29328,0.74768,3.52104,2.99384,2.93232,0.2231,0.9598,1.74926,1.94002,1.94732,2.31722,3.16716,3.0487,2.55636,1.23284,1.0765,3.45014,0.34852
"IGF2BP2",2.10216,7.55252,3.02698,3.66976,6.93084,4.78858,3.08962,4.50026,4.1412,-0.02786,-0.1381,1.91806,2.0938,3.30678,1.89192,2.01054,4.96494,6.9693,0.95366,3.24558,2.76966,2.1149,3.67128,4.32618,4.73084,1.37424,3.22392,2.9951,4.0819,5.03686,2.23082,1.89532,3.45872,2.36376,1.6437,2.83076,1.06474,2.3209,2.50824,5.54152
"LIN28A",6.93496,10.00832,3.45858,4.12996,10.58944,8.98038,4.07992,8.61316,9.928,5.10434,1.2316,2.77716,6.222,3.16838,4.28042,4.22634,5.18564,8.2065,0.76936,5.21608,6.96996,2.432,4.20278,9.19768,8.55334,3.14034,4.28562,9.1327,9.7505,8.61336,3.70832,2.44022,8.03692,8.16296,2.9792,2.16526,6.96564,7.4329,7.05604,9.63772
"PODXL",3.09706,5.34332,2.90178,2.72136,6.25144,3.70718,3.01812,2.79506,3.2499,2.68014,-0.2544,2.27766,0.5581,3.01178,2.59462,2.79834,4.15744,7.2708,-1.11594,1.43798,3.44526,1.5601,3.87358,2.83288,3.46394,1.42744,3.74022,3.388,3.9899,3.95516,4.39862,2.12142,3.01632,4.40186,1.3501,4.33966,2.24194,3.6717,3.07704,4.30712
"REST",3.48776,3.39982,1.75338,2.35006,3.59164,4.11058,3.01602,3.26786,3.8834,3.04324,2.6315,2.46036,2.5417,2.81808,3.02302,3.20664,2.42424,2.6599,3.08756,4.04938,3.40266,3.5251,2.91928,4.45108,3.99774,3.02314,1.20662,3.9963,4.9551,2.82346,3.44682,2.92572,4.22532,4.57096,3.0773,0.45446,2.48754,3.2698,4.27324,4.44272
"SEMA3A",5.25316,7.35752,7.35418,7.45696,7.23274,6.25558,6.23122,6.69236,6.3165,4.16974,4.9275,3.48656,5.2559,5.92648,4.04382,4.02924,7.17844,10.9648,8.14976,5.86758,4.53916,6.741,7.15968,5.15588,6.89584,7.97204,6.40082,3.8457,7.0701,10.11156,6.52482,7.87852,5.04022,4.31146,8.843,7.05956,6.59654,3.9269,3.39724,7.82482
"TERT",5.79036,6.03802,4.86908,5.68986,5.33764,5.57998,5.66352,5.31666,5.5889,2.45154,3.3884,5.80426,4.4529,5.45598,6.79342,4.73094,6.68314,3.7952,2.99956,5.49168,4.07026,4.8751,6.20828,4.80908,6.67284,5.43104,6.01702,5.6369,4.8516,3.36026,4.39232,5.64332,5.44812,4.30606,6.5251,4.83226,3.39624,5.8244,5.63954,3.10882
"FGF4",14.35506,14.46222,12.98248,14.24626,13.88354,14.09298,14.22222,13.76316,13.9578,10.90034,12.0274,8.67436,13.1739,4.52598,9.64312,13.16024,15.40414,12.2037,11.30636,14.14718,12.44706,12.873,14.59408,12.94328,15.21354,13.85004,14.56182,13.9933,12.9182,11.94456,5.07912,14.09572,13.79582,12.74846,14.9698,13.40366,11.94804,14.3049,12.45854,11.61652
"FGF5",12.18536,13.18032,13.64448,14.24626,12.00634,9.02088,14.22222,13.67706,12.0957,10.90034,9.7229,8.18206,13.1739,14.22228,10.06922,10.32084,15.48494,12.2037,11.30636,14.14718,9.08246,13.4227,14.59408,11.39478,10.98074,13.85004,14.56182,11.432,11.6524,11.94456,12.92442,14.09572,9.87272,10.31066,14.9698,11.13756,11.94804,10.4734,9.78334,11.61652
"GDF3",14.35506,11.30732,6.41988,4.62646,10.89114,12.25508,9.16072,12.10156,10.0914,8.27114,1.8682,10.23746,13.1739,1.26998,8.46202,8.16914,5.07894,12.2037,0.49916,3.47438,11.27146,9.0135,5.73168,12.94328,13.96714,5.02544,1.57532,10.0671,11.0904,11.50866,1.83982,3.01032,12.17702,12.74846,0.5952,5.70166,11.94804,10.4822,12.40634,7.66662
"LEFTY1",11.02646,7.54272,7.55818,5.88706,11.70434,8.52338,10.22482,7.99106,11.4681,8.97114,2.481,9.45746,8.2268,4.95788,8.48612,7.00654,8.68444,10.9709,1.40146,0.47958,7.25696,9.9347,3.83348,8.97338,8.31984,-0.44366,5.63812,7.1351,9.8727,6.42646,6.33952,-1.24448,8.82242,6.79926,-0.5209,7.36006,1.49144,7.7509,7.77084,6.51062
"LEFTY2",10.82046,6.33362,10.92878,8.11356,8.99494,8.21758,12.56442,8.69096,7.2761,8.41204,2.322,7.76726,9.045,5.03498,8.79452,7.02904,11.31114,11.2909,-0.37014,2.27428,12.44706,11.8964,3.68578,8.28578,13.89394,-3.00486,7.68482,7.0923,5.789,2.68466,6.90282,-3.62948,8.70822,9.68336,-1.4317,9.56816,7.18594,8.2723,10.75934,6.30472
"NODAL",9.00616,9.95852,4.46188,5.62606,9.78074,9.76138,6.83052,7.78346,10.414,8.92544,2.5456,3.62716,8.7127,4.01128,7.49222,6.50644,6.91234,8.8907,1.71296,2.31178,6.99896,9.048,6.19958,7.36538,7.36864,1.97284,3.88902,9.1555,9.9532,8.00326,5.63032,1.02132,10.05532,6.22236,0.6947,4.04676,7.60654,8.4119,6.37504,8.58992
"TDGF1",11.60836,6.93572,7.00608,10.44736,7.21954,10.43568,9.02212,9.25826,13.7307,10.90034,1.0369,1.47196,11.2922,2.46398,6.59352,5.05964,9.04564,6.3887,0.20756,1.69908,12.39656,1.8204,8.59748,12.94328,10.18554,1.44634,5.81382,10.1121,10.4601,9.18306,5.98372,2.81252,11.80822,10.56496,1.667,5.01196,8.20244,10.2267,10.71074,6.79632
"FOXA2",14.35506,14.46222,10.45818,8.77596,13.88354,11.12668,10.46342,13.76316,13.9578,10.30184,1.4492,7.86686,3.3143,8.52888,5.80602,4.45274,10.48734,12.2037,1.54036,4.06838,12.07106,2.3373,9.61578,12.94328,13.93784,3.06874,8.49072,7.0461,7.4445,11.94456,8.71342,1.98622,13.79582,8.67936,2.0443,7.10876,2.94324,6.0613,14.28924,11.61652
"GATA4",14.35506,2.08682,4.02348,3.30826,3.31594,14.09298,4.70602,13.76316,13.9578,10.90034,1.2545,3.41096,13.1739,7.92788,7.92062,5.52134,4.86984,12.2037,1.39586,4.65398,11.63146,3.3507,4.78078,12.94328,15.21354,2.02004,2.94482,7.7794,12.9182,11.94456,3.77862,2.08852,13.79582,12.74846,1.4277,2.64266,2.98484,7.554,13.36144,4.92882
"PTF1A",7.85246,14.46222,13.00088,14.24626,13.88354,9.05538,14.22222,12.90266,13.9578,10.90034,12.0274,13.90576,12.4342,14.22228,9.02062,12.47554,15.48494,12.2037,11.30636,14.14718,12.44706,13.4227,14.59408,12.94328,15.21354,13.85004,13.08392,9.9312,12.9182,11.39886,10.99912,14.09572,7.52122,12.20276,14.9698,13.40366,3.56994,12.6411,12.17324,11.61652
"CDX2",14.35506,14.46222,12.82598,14.24626,13.88354,14.09298,14.22222,13.76316,13.9578,10.90034,4.4198,10.48166,10.1043,8.74658,6.36362,4.59864,14.55144,12.2037,3.87556,5.90268,12.44706,5.9844,12.95028,12.94328,15.21354,8.68194,14.56182,13.9348,6.359,11.94456,9.74872,6.50582,13.36682,12.74846,7.0856,12.56056,6.04224,7.8572,13.75394,11.61652
"EOMES",8.27006,10.31082,9.33708,6.47636,10.17104,8.04688,8.57082,4.19086,10.7995,7.02954,0.7636,0.47136,7.5212,6.10398,7.47762,4.77114,6.51874,9.9198,0.51836,1.89078,4.05886,2.4956,7.47818,11.33938,8.55344,1.51514,8.68392,8.0903,12.0457,10.57946,8.47262,2.04112,8.85642,10.50506,2.2129,9.05526,9.60294,7.0794,2.39294,8.61932
"GCM1",13.72666,14.35502,13.64448,13.78996,13.57744,14.09298,14.22222,13.76316,13.83,10.90034,12.0274,14.22386,13.1739,11.49618,13.78672,13.16024,14.48784,12.2037,11.30636,14.14718,11.80136,13.4227,14.59408,12.16838,12.84104,13.85004,14.56182,12.8222,12.4704,11.94456,9.82732,12.19832,13.79582,12.74846,14.1062,13.40366,11.94804,12.236,12.13394,11.61652
"KRT1",12.73546,11.61352,13.64448,14.24626,13.88354,14.09298,14.22222,13.38296,9.4776,7.87264,12.0274,6.20816,13.1739,14.22228,6.86442,7.49544,15.48494,5.0258,9.52286,11.77288,10.62596,13.4227,14.59408,7.84348,10.90984,11.34484,14.56182,5.3391,7.0175,9.09276,12.25582,13.22642,10.02092,10.91646,14.4438,13.40366,11.94804,12.6651,14.28924,11.61652
"AFP",11.13976,12.62192,13.64448,14.24626,12.70614,9.34068,14.22222,9.01126,13.9578,10.78724,-1.0723,4.26856,11.6422,3.91128,0.46782,-1.24646,15.48494,12.1338,0.97786,4.22818,12.44706,1.1144,14.59408,10.71618,10.94024,-0.09156,14.56182,9.7638,10.6854,11.94456,7.84472,-1.03028,9.83782,12.74846,1.3963,13.40366,11.94804,4.3824,12.70464,11.61652
"SERPINA1",5.66686,7.58212,5.93198,3.39766,6.44954,4.37088,4.03512,4.85016,4.3347,6.47964,-1.643,5.09296,4.3083,3.58378,1.78352,0.51874,3.52964,6.5858,1.59626,5.48598,6.00936,1.5771,3.74948,6.45938,6.11904,-0.80516,6.81452,0.7607,3.0076,2.26746,6.61142,-0.56578,5.46422,8.05486,-1.6806,8.92446,-1.29366,1.526,7.40484,3.06762
"FN1",-0.85614,-1.87948,2.09588,3.52976,-1.51496,1.01858,2.24672,0.63656,-2.9928,-0.16676,-4.0984,-1.09124,0.4978,-0.23982,-0.34338,-1.43586,2.66334,2.9703,-3.55044,-1.54222,-0.53954,-3.3268,2.21018,1.17598,1.10884,-3.81016,3.01812,-0.9577,-0.0726,0.92176,0.71952,-2.95288,-0.19378,1.02316,-4.7403,1.71026,1.06174,-0.8265,-0.45106,-0.86408
"LAMA1",6.55376,5.93382,6.97918,6.07476,5.85144,6.54218,6.60212,4.77736,8.9593,6.33664,2.9205,6.15326,10.3362,8.33378,5.51592,4.20764,7.31004,11.0944,3.42366,3.54428,7.39946,3.5313,7.30298,7.22658,6.32584,3.77844,7.16302,7.8551,6.5946,8.43306,6.92412,3.68152,7.06242,6.54656,2.7974,4.56226,6.55384,5.2949,5.76464,7.81702
"LAMB1",2.60726,14.46222,2.67658,4.66406,1.63654,2.12098,3.94242,2.20456,1.6479,-0.36696,-1.4867,1.61096,3.4225,1.94588,1.27902,0.85014,4.43014,3.8311,-0.07814,1.19198,0.86416,0.4769,4.11148,3.03718,4.32544,-0.07486,3.87922,0.4254,1.8318,1.45136,1.43002,0.17612,2.91912,2.33636,0.8042,1.44366,0.07134,0.9364,1.35624,1.42802
"LAMC1",2.61246,0.54422,0.21368,1.57726,-0.07776,0.37418,1.56052,1.58776,0.5576,1.43754,1.1316,1.16196,1.3846,1.28518,1.32122,0.26564,2.23804,4.8886,1.38386,0.50688,0.64326,1.6091,1.09518,1.12878,2.81304,1.25304,0.88002,0.3796,-0.1726,0.92526,1.66572,1.44242,1.77092,0.93136,1.2537,0.17136,0.90404,-0.078,1.79074,2.23722
"SOX17",12.39666,8.42052,4.32918,4.31866,10.65104,8.07018,5.67432,7.94816,8.0338,6.35934,2.5831,9.90466,2.6029,9.85758,8.25752,7.09524,5.17274,12.2037,2.83206,5.45728,9.66656,5.0081,6.33088,10.76418,11.65344,4.71204,4.12572,8.204,6.1363,7.66326,8.20162,6.23542,11.40562,11.06006,4.0652,4.42256,8.75724,9.061,10.77684,6.85972
"T",11.74036,11.23472,6.13018,2.74666,10.98994,12.21218,6.32942,11.48586,12.0683,9.09064,8.2191,8.65656,9.1901,6.61828,8.57742,11.38754,4.60114,9.6685,11.30636,12.29538,10.68486,10.9178,5.22098,12.94328,11.98514,11.03054,3.15872,11.4401,11.4225,8.41376,6.51112,12.16532,12.63602,11.77036,10.6575,3.52386,10.55434,11.1606,11.53104,9.12812
"WT1",6.49336,4.29302,7.75768,9.23386,4.46444,14.09298,9.30002,10.21536,13.9578,9.86604,6.4247,12.01906,1.3735,9.28218,10.56532,10.24344,8.68604,12.2037,11.30636,14.14718,12.44706,13.4227,9.48098,12.94328,15.21354,13.85004,8.57592,5.0944,12.7846,3.11966,4.82532,14.09572,8.42772,12.74846,7.5164,8.32316,9.03404,8.8811,14.28924,4.87342
"DES",5.53396,1.16482,7.69658,9.15726,3.04444,4.86468,10.27602,5.02716,0.3574,2.93834,9.8935,2.14606,-0.7332,6.92548,5.71852,3.88744,9.54024,8.5836,9.36546,9.22448,7.76636,13.4227,10.08008,7.74738,7.33884,6.52904,6.15812,3.3674,3.6022,0.02746,5.70722,8.44862,5.10562,6.47816,7.0576,7.20896,4.95074,4.2395,9.16044,8.62662
"MYF5",14.35506,14.46222,13.64448,14.09546,13.88354,14.09298,14.22222,13.76316,13.9578,10.90034,6.2041,6.20436,13.1739,14.22228,12.20482,11.24324,15.48494,12.2037,8.27536,14.14718,12.44706,9.9224,14.59408,12.94328,15.21354,8.17504,14.56182,13.9933,11.618,11.94456,12.92442,9.67742,13.79582,12.74846,9.1075,13.40366,11.94804,7.7877,14.28924,11.61652
"MYOD1",11.06666,14.46222,12.76798,14.24626,13.88354,14.09298,14.22222,13.76316,13.9578,7.51504,12.0274,9.00806,13.1739,14.22228,10.84182,13.16024,15.48494,12.2037,11.30636,14.14718,11.97166,11.3309,14.59408,12.94328,15.21354,13.85004,14.56182,13.9933,12.9182,11.94456,12.18542,14.09572,13.79582,12.74846,14.9698,13.40366,11.94804,7.3277,14.28924,11.61652
"HBB",5.28946,6.36972,10.41728,9.04436,2.54074,1.88758,8.24122,0.84986,0.187,-0.07176,9.203,3.71996,7.7223,9.30818,7.44522,3.31434,9.48904,5.4081,1.07596,1.37008,6.87146,0.4143,8.68488,1.93488,2.40444,2.54984,7.11722,-2.997,-4.4373,3.92096,6.16132,2.80562,-0.94468,3.90706,4.7899,8.69886,4.70154,1.7239,5.42244,9.55282
"HBZ",12.78496,14.46222,13.64448,14.00626,13.88354,14.01308,14.22222,12.51416,12.0305,10.90034,12.0274,14.22386,12.4343,14.22228,12.40442,1.30614,13.22214,11.7205,11.30636,14.14718,12.44706,13.4227,14.59408,11.92728,11.97104,13.85004,13.60382,7.1271,12.38,11.94456,12.92442,14.09572,13.79582,12.74846,14.9698,13.40366,11.93404,13.1449,12.39844,11.61652
"COL1A1",-3.06694,-3.52498,0.67118,2.42306,-4.09706,-3.77342,1.01692,-2.04504,-5.1698,-3.70006,-2.2673,-2.71224,-0.7407,-3.92552,-2.61118,-1.43516,1.15634,3.2675,1.27536,-1.24742,-5.69394,3.3272,2.19818,-3.07352,2.59774,-0.91856,1.18582,-4.6709,-4.2635,-4.10014,-1.43738,0.49132,-1.97288,-3.13614,1.1587,-0.32164,-3.02596,-3.0886,-1.12126,-2.95578
"RUNX2",6.44846,11.24742,10.43018,10.01596,9.83444,7.73478,10.42752,7.33306,8.386,5.90404,8.7877,7.80776,9.3267,7.08278,5.66742,7.76754,10.25964,7.821,9.43786,10.11278,3.58216,9.2986,10.07848,7.77988,9.15664,7.05434,10.96122,7.4829,7.8188,7.44656,8.51582,8.25622,7.84522,5.14246,9.2885,9.55506,8.36004,6.2678,9.25014,6.15082
"NES",-0.93484,5.39132,2.28558,4.92756,5.34284,2.28288,5.40492,0.76576,2.5208,0.64274,1.7179,0.30236,3.3184,2.26608,1.53142,2.84384,4.59144,7.4066,3.06936,4.30758,1.96976,3.6145,7.03928,3.03898,2.17214,3.71774,4.10932,3.4572,2.5355,2.13546,2.58252,4.08962,1.30552,1.76546,3.3986,1.85936,3.62974,1.4636,2.49814,3.81002
"NEUROD1",6.21536,14.46222,13.64448,14.24626,13.88354,3.71758,14.22222,6.05266,13.9578,7.16584,12.0274,8.30756,13.1739,14.22228,4.27422,10.77394,15.48494,12.2037,11.30636,14.14718,6.46786,13.4227,14.59408,8.10288,7.03024,13.85004,14.56182,13.9933,11.3565,11.94456,12.92442,14.09572,2.54802,3.93266,14.9698,13.40366,5.00624,7.5767,6.38374,11.61652
"PAX6",3.45516,9.87012,11.73698,10.62226,8.87644,4.17368,13.20702,1.80916,8.5322,5.02334,3.5642,5.74916,8.288,10.34538,4.87912,7.36524,10.95154,8.1025,4.25786,4.25108,4.43696,8.5458,12.21878,3.42898,3.24214,6.79354,8.80112,7.7679,5.6611,7.88366,7.92942,7.53552,4.10642,3.64256,4.0268,9.15346,4.04394,4.6716,3.30564,10.27852
"CD34",5.26276,1.90492,5.95268,7.34236,0.99284,1.65968,5.70302,3.16216,3.662,1.73844,1.1907,3.80336,3.5453,4.35028,3.37062,3.01434,5.50884,6.4164,3.40556,1.90268,2.59706,3.5066,5.75308,2.18218,5.22344,2.89194,5.58412,1.8874,2.1763,2.12146,3.74562,2.83382,4.30012,2.85246,2.7628,5.75076,3.03434,1.694,3.74474,2.92442
"CDH5",5.99256,3.12362,3.77748,5.02396,3.08024,2.22958,3.93002,2.98886,3.3627,3.00674,3.0115,3.43656,4.6951,4.37398,3.41342,3.31984,5.19194,7.0665,3.41786,2.85788,2.73896,5.9593,3.68498,2.95608,4.83294,3.41894,4.60602,2.3667,2.2483,3.00236,4.82622,3.87232,4.83812,3.40226,2.5091,3.29356,2.51944,1.696,3.39624,3.55082
"FLT1",8.31086,5.73012,8.04908,8.26596,6.90274,5.69138,8.76692,6.44566,5.4884,5.17914,4.0342,5.90626,6.3328,6.98018,6.90882,6.41124,8.28084,9.2858,5.12816,6.22828,5.35596,7.017,9.44178,6.27468,6.39444,5.06184,8.15842,5.9457,6.1101,6.37536,7.58502,4.54302,7.41192,7.31076,4.2386,7.65766,4.43714,5.3159,6.23364,5.85692
"PECAM1",7.94536,9.03012,11.90338,11.04206,5.35664,7.30798,8.15122,4.85736,5.0646,5.37184,8.1136,6.49646,7.2722,6.60878,5.92482,8.74724,8.08324,10.3171,9.22216,4.26098,6.45606,8.3799,7.88678,7.51488,6.98174,5.67644,8.32412,6.6424,3.2569,5.41016,8.02942,7.08752,5.77322,8.76026,6.0342,9.96476,5.44284,4.331,9.90104,4.90402
"GCG",13.13376,14.46222,13.64448,14.08326,12.71044,12.17728,14.22222,13.76316,13.9578,10.53004,12.0274,8.54856,13.1739,13.72928,10.08992,7.06094,14.08254,10.7905,11.30636,13.80798,10.55406,13.4227,9.91218,12.94328,12.89524,13.85004,13.66872,11.7649,7.0631,11.94456,12.92442,14.09572,11.27282,10.22716,14.9698,13.40366,0.18034,9.6035,10.17044,11.61652
"IAPP",14.35506,14.46222,8.47208,7.20596,13.88354,14.09298,7.96822,13.12886,13.9578,10.50944,7.4936,8.45496,13.1739,9.29238,14.60372,8.97434,7.58754,12.2037,6.47936,8.49248,12.44706,6.1356,7.14508,11.59248,15.21354,7.37774,5.82482,13.9933,12.9182,11.41256,8.27112,6.74972,13.79582,8.20876,6.7415,6.61576,1.98044,8.5862,12.34084,11.61652
"INS",11.77966,14.46222,12.00058,14.24626,13.88354,14.09298,14.22222,13.76316,11.1267,10.90034,12.0274,14.22386,13.1739,14.22228,12.10362,9.43714,15.48494,12.2037,11.30636,14.14718,12.44706,13.4227,14.59408,12.94328,13.54734,13.85004,14.56182,13.9933,12.9182,11.94456,12.92442,14.09572,11.22942,12.74846,14.9698,13.40366,-5.00446,11.3142,14.28924,11.61652
"PAX4",14.35506,14.46222,11.95518,12.15076,13.88354,14.09298,14.22222,13.76316,13.9578,10.90034,12.0274,14.22386,13.1739,14.22228,15.05502,13.16024,12.84594,12.2037,11.30636,14.14718,12.44706,13.4227,14.35978,12.94328,15.21354,13.85004,14.56182,13.9933,12.9182,11.94456,12.92442,14.09572,13.79582,12.74846,14.9698,12.48036,11.94804,14.3049,14.28924,11.61652
"PDX1",14.35506,14.46222,13.64448,14.24626,13.88354,14.09298,13.43032,13.76316,13.9578,10.90034,3.405,13.73656,13.1739,9.85978,11.65832,7.66774,15.48494,12.2037,5.38716,8.74648,12.44706,8.7068,14.59408,12.94328,15.21354,5.74504,14.56182,9.1169,12.3502,11.94456,12.92442,7.30422,13.79582,12.74846,7.2059,13.40366,1.25464,10.4702,13.89424,11.61652
"SST",8.72706,13.73412,13.64448,14.24626,9.57724,4.98648,14.22222,8.12426,6.5227,9.11444,12.0274,5.21296,9.8953,12.84408,2.76382,6.54184,15.48494,10.4796,11.30636,14.14718,6.47386,13.4227,14.59408,8.98388,7.46194,13.85004,14.56182,9.2455,6.4061,10.61696,12.92442,14.09572,0.53802,0.98606,14.5317,13.40366,-0.47026,6.912,10.51204,11.61652
"OLIG2",10.46196,13.67332,13.64448,12.64116,12.36924,7.82478,14.22222,5.03636,13.9578,8.47474,11.4281,10.23086,13.1739,13.76788,10.35642,13.13884,15.48494,12.2037,11.30636,14.14718,7.28226,13.4227,13.01348,7.54748,4.79784,13.68914,14.56182,13.9933,12.9182,11.94456,11.98472,14.09572,10.38202,10.91176,14.7062,13.40366,11.94804,9.8475,10.44974,11.61652
"TAT",11.95286,9.11722,10.77448,8.91866,12.01654,11.68048,10.99222,10.92466,13.9578,10.90034,9.2784,12.78726,7.0606,14.22228,11.45752,10.10294,10.29464,11.5513,8.50876,10.70278,10.87706,13.0291,9.78438,11.44708,11.31554,12.21624,8.10602,13.4381,12.4319,9.50366,12.87362,6.04592,12.45572,12.74846,8.5512,6.93866,9.54544,13.1841,10.66774,11.61652
"AVG__HKG",20.64494,20.53778,21.35552,20.75374,21.11646,20.90702,20.77778,21.23684,21.0422,24.09966,22.9726,20.77614,21.8261,20.77772,19.68928,21.83976,19.51506,22.7963,23.69364,20.85282,22.55294,21.5773,20.40592,22.05672,19.78646,21.14996,20.43818,21.0067,22.0818,23.05544,22.07558,20.90428,21.20418,22.25154,20.0302,21.59634,23.05196,20.6951,20.71076,23.38348
